,player_id,player_name,team_name,accuratecrosses,accuratecrossespercentage,accuratefinalthirdpasses,accuratelongballs,accuratelongballspercentage,accuratepasses,accuratepassespercentage,aerialduelswon,aerialduelswonpercentage,age,appearances,assists,bigchancescreated,bigchancesmissed,blockedshots(defensive),blockedshots(offensive),cleansheet(gk),cleansheet(df),clearances,crossesnotclaimed,detailed_positions,dribbledpast,errorleadtogoal,errorleadtoshot,expectedassists,expectedgoals,fouls,goalconversionpercentage,goals,goalsassistssum,goalsconceded,height_cm,inaccuratepasses,interceptions,keypasses,matchesstarted,minutesplayed,offsides,passtoassist,penaltiestaken,penaltyconversion,penaltygoals,position,preferred_foot,rating,redcards,savedshotsfrominsidethebox,saves,shotsontarget,successfuldribbles,successfuldribblespercentage,tackles,totalcross,totalduelswon,totalduelswonpercentage,totallongballs,totalpasses,totalshots,wasfouled,yellowcards,position_new
0,71225,Maxime Lestienne,Lion City Sailors,77,35.48,91,68,46.58,800,70.8,4,80,33,27,19,14,5,0,34,0,0,1,0,"MR, RW, LW",9,0,3,18.08,13.98,4,11.2,14,33,26,176,330,13,112,24,2401,14,4,3,100,3,M,Left,8.99,0,0,0,38,217,87.85,0,217,259,61.81,146,1130,125,20,1,F
1,1186208,Kan Kobayashi,Young Lions,24,50,142,68,59.65,1198,85.69,26,38.24,26,30,6,5,1,15,15,0,0,31,0,MC,35,0,22,7.8,6.07,29,12.96,7,13,81,182,200,36,74,30,2700,4,4,1,0,0,M,Right,7.41,0,0,0,25,27,69.23,6,48,133,31.52,114,1398,54,23,2,M
2,1116213,Glenn Kweh,Tampines Rovers,37,32.74,49,10,38.46,705,79.84,6,28.57,25,32,8,7,3,1,8,0,0,11,0,"RW, DL",29,0,2,8.26,5.47,12,20.59,7,15,24,172,178,20,71,26,2262,4,2,0,0,0,M,Left,7.33,0,0,0,17,66,76.74,1,113,125,39.06,26,883,34,17,1,F
3,887751,Vincent Bezecourt,Geylang International,14,25.45,132,44,41.9,1050,81.14,10,50,32,28,10,2,1,3,14,0,0,8,0,"AM, MC",48,0,11,7.27,4.89,19,14.93,10,20,57,170,244,21,63,28,2520,0,3,0,0,0,M,Left,7.62,0,0,0,28,92,69.17,16,55,263,45.82,105,1294,67,67,5,M
4,1108266,Takahiro Tezuka,Geylang International,13,43.33,319,170,65.89,1994,89.46,26,50.98,26,30,6,1,0,3,1,0,0,22,0,"MC, DM",42,0,17,4.47,0.98,28,11.11,2,8,57,181,235,61,58,30,2700,1,3,0,0,0,M,Right,7.47,0,0,0,8,5,62.5,12,30,100,34.48,258,2229,18,15,2,M
5,851803,Faris Ramli,Tampines Rovers,40,28.37,23,10,34.48,495,70.01,14,50,32,28,8,5,4,1,15,0,0,4,0,LW,28,0,4,7.37,9.15,15,16.13,10,18,23,168,212,8,54,21,2033,12,4,0,0,0,M,Right,7.67,0,0,0,23,94,82.46,3,141,162,48.21,29,707,62,22,2,F
6,788951,Bart Ramselaar,Lion City Sailors,21,35,71,30,62.5,560,83.33,0,0,28,20,7,3,1,2,19,0,0,2,0,"LW, ML",15,0,3,7.54,6.1,9,16.13,10,17,12,180,112,11,50,17,1554,3,7,0,0,0,M,Right,8.05,0,0,0,22,84,86.6,0,60,122,50.62,48,672,62,8,2,M
7,1857261,Miguel Oliveira,Brunei DPMM FC,57,36.54,49,46,47.42,479,66.62,5,20,29,29,7,5,2,1,26,0,1,15,0,RW,29,0,7,6.83,7.79,26,10.75,10,17,56,167,240,17,50,29,2610,13,1,0,0,0,M,Right,7.69,0,0,0,40,149,79.68,6,156,247,49.11,97,719,93,36,6,F
8,358968,Kyoga Nakamura,Tampines Rovers,27,42.19,355,126,64.29,1970,88.34,8,38.1,29,32,7,1,1,5,23,0,0,23,0,"MC, DM",46,0,8,5.75,2.64,36,4.55,3,10,35,166,260,30,49,31,2880,1,7,0,0,0,M,Left,7.61,0,0,0,19,55,88.71,23,64,167,44.77,196,2230,66,46,3,M
9,309714,Tomoki Wada,Tanjong Pagar United,7,19.44,158,87,56.13,997,82.46,13,39.39,30,30,5,3,0,12,8,0,0,15,0,"MC, AM",39,0,17,5.03,2.09,18,5.56,2,7,89,172,212,59,46,30,2700,2,1,0,0,0,M,Right,7.06,0,0,0,13,15,71.43,9,36,109,36.09,155,1209,36,23,1,M
10,1186203,Kodai Tanaka,Balestier Khalsa,23,31.08,44,12,32.43,514,78.96,51,48.11,25,32,8,8,11,6,35,0,0,5,0,ST,8,0,5,9.03,27.19,18,19.08,25,33,78,176,137,17,45,31,2880,23,3,8,75,6,F,Right,7.78,0,0,0,52,59,85.51,1,74,201,42.05,37,651,131,31,3,F
11,1218518,Seia Kunori,Tampines Rovers,42,27.27,104,44,60.27,853,76.09,13,30.23,24,32,8,4,4,5,27,0,0,15,0,"ST, AM",27,0,5,5.43,12.67,25,14.17,17,25,34,180,268,21,45,32,2880,8,5,0,0,0,F,Right,7.75,0,0,0,50,85,75.89,1,154,174,38.5,73,1121,120,30,1,F
12,1024214,Ryoya Taniguchi,Geylang International,20,27.4,88,38,46.91,697,77.1,16,30.77,25,30,10,3,8,1,35,0,0,13,0,"AM, ST",37,0,7,5.3,10.56,36,11.77,12,22,53,175,207,15,45,30,2700,11,3,0,0,0,F,Right,7.5,0,0,0,36,83,83.84,0,73,208,39.39,81,904,102,73,3,M
13,34641,Yohei Otake,Albirex Niigata Singapore,23,44.23,115,78,71.56,874,85.77,6,40,36,26,6,2,1,4,10,0,0,9,0,MC,39,0,13,5.03,3.25,22,16.67,5,11,56,165,145,16,45,26,2340,3,2,0,0,0,M,Left,7.35,0,0,0,11,49,74.24,17,52,139,39.15,109,1019,30,25,4,M
14,1024182,Harith Kanadi,Balestier Khalsa,46,40,134,59,46.09,768,75.67,6,23.08,24,29,5,3,0,5,8,0,2,42,0,DL,89,0,12,5.04,1.27,19,5.26,1,6,56,165,247,35,41,22,2221,0,1,0,0,0,D,Both,6.84,0,0,0,3,35,85.37,12,115,129,36.34,128,1015,19,32,2,D
15,1471034,Riku Fukashiro,Balestier Khalsa,22,25,130,16,37.21,1135,83.27,21,41.18,25,32,7,3,9,3,29,0,0,17,0,ML,41,0,15,5.03,10.51,39,10.39,8,15,80,168,228,21,40,32,2880,4,2,0,0,0,M,Right,7.23,0,0,0,31,130,74.29,11,88,303,43.1,43,1363,77,63,3,M
16,233138,Alen Kozar,Balestier Khalsa,8,26.67,270,75,58.59,1433,84.74,14,60.87,30,30,7,2,1,2,13,0,0,19,0,"MC, DM",44,0,16,5.01,2.77,28,12.9,4,11,69,174,258,57,40,30,2700,0,3,1,100,1,M,Right,7.17,0,0,0,11,26,81.25,7,30,140,35.81,128,1691,31,23,4,M
17,1471032,Shodai Yokoyama,Hougang United,19,32.76,94,46,58.23,779,83.76,10,27.78,24,32,5,2,2,10,14,0,0,20,0,"MC, AM",35,0,14,4.83,5.04,12,13.16,5,10,72,170,151,33,39,32,2880,0,4,0,0,0,M,Left,7.23,0,0,0,18,83,83.84,1,58,211,43.51,79,930,38,60,3,M
18,1589154,Gabriel Gama,Brunei DPMM FC,17,32.69,88,41,48.81,619,77.28,13,27.66,22,29,4,4,2,2,4,0,0,16,0,MC,36,0,14,5.26,3.37,32,14.81,4,8,49,175,182,27,39,28,2610,1,3,0,0,0,M,Left,7.06,0,0,0,12,91,73.39,15,52,203,40.76,84,801,27,36,5,M
19,1471030,Kaisei Ogawa,Young Lions,10,35.71,175,72,59.02,1164,88.85,26,43.33,24,32,7,1,1,17,16,0,0,31,0,MC,48,0,18,4.25,3.91,19,4.55,2,9,87,180,146,55,39,32,2880,0,1,1,100,1,M,Right,7.03,0,0,0,14,23,82.14,4,28,134,38.4,122,1310,44,14,1,M
20,843260,Boris Kopitović,Tampines Rovers,10,31.25,8,5,55.56,269,79.35,4,16.67,30,20,6,3,4,2,8,0,0,6,0,ST,5,0,2,3.55,14.08,31,25.81,16,22,23,189,70,5,36,18,1782,20,3,6,83.33,5,F,Both,7.67,0,0,0,31,29,87.88,0,32,100,28.33,9,339,62,12,1,F
21,902347,Stjepan Plazonja,Hougang United,61,29.33,42,49,57.65,423,58.02,30,58.82,27,27,10,4,5,1,11,0,0,19,0,LW,14,0,13,6.59,8.22,19,19.18,14,24,63,192,306,6,35,26,2430,11,7,0,0,0,M,Right,7.39,0,0,0,35,95,67.86,1,208,200,43.48,85,729,73,24,6,F
22,1024221,Tomoyuki Doi,Geylang International,6,31.58,24,15,57.69,378,84.56,8,24.24,27,30,6,3,4,0,40,0,0,6,0,ST,8,0,4,3.75,24.25,12,24.56,42,48,57,179,69,1,34,29,2700,12,0,5,100,5,F,Right,8.2,0,0,0,75,83,89.25,2,19,146,44.38,26,447,171,22,1,F
23,1024197,Hakeme Yazid,Brunei DPMM FC,10,40,34,13,61.9,391,80.45,17,25,22,22,5,0,3,3,16,0,0,19,0,ST,31,0,5,2.71,7.56,22,11.29,7,12,36,161,95,9,32,20,1980,6,1,2,100,2,M,0,7.11,0,0,0,21,51,58.62,5,25,148,33.41,21,486,62,25,2,F
24,829426,Shahdan Bin Sulaiman,Hougang United,6,37.5,140,73,63.48,1097,87.13,0,0,37,30,8,0,0,0,8,0,0,11,0,"MC, DM",39,0,9,3.57,0.64,12,11.77,2,10,61,180,162,30,31,28,2700,1,1,0,0,0,M,Right,6.92,0,0,0,5,5,100,7,16,44,24.31,115,1259,17,5,1,M
25,979261,Joel Chew Joon Herng,Tampines Rovers,15,46.88,53,22,62.86,543,86.88,2,33.33,25,21,4,5,1,1,6,0,0,4,0,"MC, AM",7,0,1,3.98,1.76,2,4.55,1,5,12,168,82,10,30,13,1173,2,0,0,0,0,M,Right,7.11,0,0,0,7,13,72.22,0,32,34,30.36,35,625,22,3,1,M
26,974288,Itsuki Enomoto,Tampines Rovers,8,27.59,53,17,62.96,503,80.61,102,48.11,25,30,4,3,10,8,16,0,0,26,0,ST,8,0,9,3.78,16.73,35,20.21,19,23,60,186,121,20,29,30,2700,19,0,3,100,3,F,Right,7.48,0,0,0,39,55,71.43,5,29,255,40.03,27,624,94,37,4,F
27,109126,Lennart Thy,Lion City Sailors,11,45.83,20,12,75,308,77.78,40,42.11,33,26,3,2,11,1,17,0,0,9,0,ST,4,0,7,3.19,19.75,5,30.11,28,31,24,184,88,8,28,23,2135,16,4,0,0,0,F,Right,7.74,0,0,0,51,16,76.19,2,24,90,35.02,16,396,93,8,1,F
28,839913,Dejan Račić,Hougang United,4,19.05,24,12,60,394,75.77,8,15.69,26,28,6,5,2,3,13,0,0,4,0,ST,3,0,9,4.68,14.94,12,33.8,24,30,63,188,126,2,28,27,2520,8,2,4,75,3,F,Both,7.44,0,0,0,39,69,58.97,0,21,190,35.45,20,520,71,32,3,F
29,860933,Shawal Anuar,Lion City Sailors,11,35.48,18,6,42.86,283,76.9,28,33.73,34,29,10,7,9,3,8,0,0,10,0,"ST, RW",13,0,4,5.73,14.15,21,27.27,18,28,24,168,85,24,28,24,2134,20,0,0,0,0,F,Right,7.38,0,0,0,30,19,67.86,3,31,86,30.18,14,368,66,12,1,F
30,929540,Shah Shahiran,Tampines Rovers,10,31.25,278,73,76.84,1842,92.28,8,33.33,25,31,4,0,0,7,13,0,0,30,0,"MC, DM",53,0,13,1.19,1.36,26,0,0,4,37,173,154,49,27,30,2790,0,1,0,0,0,M,Right,7.09,0,0,0,5,23,88.46,6,32,122,33.61,95,1996,35,24,6,M
31,983933,Azwan Ali Rahman,Brunei DPMM FC,9,45,150,85,44.97,853,78.91,5,38.46,33,27,1,0,1,5,12,0,0,25,0,"MC, DM, AM",45,0,13,2.02,4.4,31,8.33,4,5,40,165,228,45,27,26,2298,0,1,0,0,0,M,Right,6.99,1,0,0,15,27,58.7,19,20,112,33.73,189,1081,48,11,7,M
32,1186230,Masahiro Sugita,Balestier Khalsa,18,26.09,191,19,67.86,1348,88.74,17,68,25,26,2,2,0,4,28,0,0,11,0,"MC, ML",34,0,10,2.87,4.89,28,2.7,2,4,49,164,171,31,26,26,2340,5,1,0,0,0,M,Right,7.28,1,0,0,21,69,81.18,10,69,192,48.12,28,1519,74,42,3,M
33,994799,Darren Teh,Balestier Khalsa,26,34.67,121,44,46.81,975,83.48,13,39.39,28,31,1,0,0,9,1,0,1,37,0,"DR, DL",92,0,15,1.78,0.28,15,0,0,1,74,169,193,34,26,30,2790,1,3,0,0,0,D,Right,6.47,0,0,0,2,17,56.67,11,75,122,34.56,94,1168,7,25,3,D
34,1900350,Diogo Costa,Lion City Sailors,23,38.33,20,12,57.14,325,80.05,8,47.06,21,9,5,2,1,1,6,0,4,7,0,DL,16,0,3,3.18,1.2,5,0,0,5,5,180,81,11,25,9,810,1,1,0,0,0,D,Left,7.74,0,0,0,3,31,79.49,0,60,67,43.79,21,406,12,16,2,D
35,812582,Song Ui Young,Lion City Sailors,15,38.46,96,24,53.33,679,86.06,11,47.83,31,25,1,2,3,1,21,0,0,8,0,MC,12,0,2,2.94,5.49,30,12.5,6,7,19,172,110,13,25,17,1905,2,1,0,0,0,M,Right,7.13,0,0,0,13,39,82.98,10,39,120,40.54,45,789,48,20,4,M
36,1166719,Zenivio,Tanjong Pagar United,26,25.74,64,36,50,672,75.25,16,30.19,20,30,3,2,0,8,19,0,1,39,0,DR,89,0,18,3.81,2.03,33,2.38,1,4,82,170,221,46,25,24,2614,2,0,0,0,0,M,0,6.79,0,0,0,12,94,81.74,2,101,219,37.24,72,893,42,26,2,D
37,795891,Miloš Zlatković,Tampines Rovers,17,42.5,265,128,54.94,1867,89.24,55,62.5,28,30,2,0,2,18,10,0,10,54,0,DC,74,0,17,2.14,3.64,22,15.56,7,9,35,182,225,62,24,30,2700,2,0,0,0,0,D,Left,7.38,0,0,0,15,26,83.87,7,40,162,44.75,233,2092,45,23,8,D
38,809843,Ignatius Ang Yu Heng,Balestier Khalsa,24,45.28,18,13,76.47,369,78.85,10,38.46,32,27,3,0,1,0,6,0,0,6,0,MC,9,0,5,3.15,6.32,11,31.25,10,13,45,168,99,8,24,14,1551,13,1,0,0,0,M,Right,6.99,0,0,0,18,34,66.67,2,53,79,31.85,17,468,32,12,1,M
39,818204,Tajeli Salamat,Hougang United,16,42.11,138,112,50.45,834,79.2,24,63.16,31,24,4,1,1,9,4,0,3,67,0,"DC, DR",50,0,18,2.74,0.97,13,0,0,4,56,175,219,63,24,21,2160,0,0,0,0,0,D,Right,6.83,1,0,0,4,10,62.5,3,38,79,36.24,222,1053,16,18,5,D
40,1858210,Arya Igami,Tampines Rovers,5,18.52,22,14,53.85,420,85.02,3,20,22,26,4,0,6,0,11,0,0,5,0,ML,33,0,5,2.48,5.25,14,13.51,5,9,42,162,74,10,23,16,1647,3,0,0,0,0,M,Right,6.93,0,0,0,13,82,73.21,3,27,168,42.75,26,494,37,32,1,F
41,900301,Anton Fase,Balestier Khalsa,15,26.32,8,6,37.5,238,71.47,2,20,25,12,2,2,1,0,5,0,0,7,0,"ST, RW",8,0,3,2.93,3.98,11,15.22,7,9,27,185,95,8,22,12,1080,6,1,0,0,0,M,Right,7.68,0,0,0,22,77,73.33,0,57,104,41.77,16,333,46,7,0,F
42,851792,Muhammad Shakir bin Hamzah,Geylang International,23,37.7,93,45,43.69,832,79.01,30,54.55,32,26,2,1,1,6,3,0,2,49,0,"DC, DL",50,0,14,2.17,2.79,26,28.57,6,8,44,179,221,39,22,26,2340,1,3,0,0,0,D,Right,6.9,0,0,0,12,18,72,12,61,111,37.37,103,1053,21,19,8,D
43,1024015,Naqiuddin Eunos,Geylang International,20,31.75,34,15,42.86,569,78.05,21,44.68,28,29,4,1,1,4,10,0,0,38,0,"DR, MR",63,0,8,2.4,4.21,16,15.15,5,9,45,176,160,31,21,28,2499,8,0,0,0,0,M,Right,6.83,0,0,0,10,33,68.75,6,63,116,33.53,35,729,33,20,4,D
44,1019437,Farhan Zulkifli,Hougang United,22,32.35,28,14,43.75,370,75.82,3,13.64,22,30,6,5,4,0,9,0,0,6,0,LW,25,0,9,3.91,8.12,18,14.89,7,13,60,162,118,12,20,16,2027,5,2,1,100,1,M,0,6.95,0,0,0,23,83,72.17,1,68,167,37.36,32,488,47,44,1,F
45,1472919,Haziq Kamarudin,Albirex Niigata Singapore,14,34.15,11,2,33.33,263,74.5,16,37.21,24,23,2,2,0,2,4,0,0,12,0,MR,29,0,4,1.81,0.75,12,8.33,1,3,30,179,90,14,20,17,1370,6,0,0,0,0,M,Right,6.61,0,0,0,3,33,55,8,41,97,34.15,6,353,12,12,0,M
46,812590,Yasir Hanapi,Tampines Rovers,9,40.91,25,8,61.54,319,86.45,4,22.22,35,29,3,0,1,0,3,0,0,5,0,AM,7,0,4,1.4,1.27,8,8.33,1,4,11,170,50,2,19,4,627,0,1,0,0,0,M,Right,6.76,0,0,0,3,8,66.67,1,22,32,25.4,13,369,12,7,0,M
47,144888,Ismaïl Sassi,Balestier Khalsa,10,26.32,38,6,60,439,81,22,50,33,18,3,4,4,2,13,0,0,7,0,RW,20,0,3,2.24,7.88,27,27.66,13,16,43,184,103,12,18,18,1620,7,6,0,0,0,M,Right,7.48,1,0,0,27,41,78.85,4,38,131,40.31,10,542,47,22,3,D
48,851813,Sahil Bin Suhaimi,Tanjong Pagar United,5,26.32,43,26,63.41,220,74.83,11,33.33,32,28,2,0,2,1,12,0,0,8,0,"ST, LW, AM, MC",6,0,3,1.63,4.48,14,6.38,3,5,43,173,74,2,18,10,1358,7,0,0,0,0,M,Right,6.89,0,0,0,17,29,85.29,4,19,98,44.95,41,294,47,34,3,M
49,893204,Shodai Nishikawa,Tanjong Pagar United,12,36.36,22,5,31.25,310,75.43,18,46.15,31,21,2,3,4,4,7,0,1,22,0,ML,26,0,12,2.22,4.28,13,11.11,3,5,70,166,101,7,18,20,1890,8,0,0,0,0,M,0,6.62,0,0,0,12,39,76.47,3,33,129,39.33,16,411,27,17,0,M
50,1024164,Nur Adam Abdullah,Young Lions,16,28.57,69,41,51.9,523,76.02,9,30,24,20,0,1,0,3,2,0,1,21,0,DL,29,0,9,1.55,0.28,17,0,0,0,54,168,165,19,18,18,1800,3,2,0,0,0,D,Left,6.42,0,0,0,1,25,64.1,6,56,76,31.02,79,688,4,6,2,F
51,829440,Christopher Van Huizen,Lion City Sailors,40,35.09,88,32,40,726,78.74,14,56,32,30,2,1,1,4,7,0,4,39,0,"DL, DR",59,0,9,1.81,1.23,9,5.26,1,3,18,170,196,28,17,19,1958,1,1,0,0,0,D,Right,6.9,0,0,0,6,43,84.31,6,114,94,40,80,922,19,7,1,D
52,1024211,Gareth Low,Albirex Niigata Singapore,20,47.62,70,43,50,598,82.71,3,21.43,28,22,4,2,0,5,1,0,4,43,0,"MC, DL",53,0,9,2.86,0.16,8,0,0,4,43,170,125,10,17,18,1766,1,1,0,0,0,D,Left,6.53,0,0,0,0,4,66.67,4,42,32,19.39,86,723,6,5,2,M
53,151125,Salif Cisse,Tanjong Pagar United,18,33.96,22,19,57.58,241,71.94,21,43.75,32,18,3,1,6,1,12,0,0,6,0,ST,10,0,3,2.71,9.6,11,18.18,10,13,40,187,94,6,15,15,1608,13,0,1,0,0,F,Right,7.34,0,0,0,19,53,72.6,9,53,129,37.39,33,335,55,29,1,F
54,1021933,Shuhei Hoshino,Albirex Niigata Singapore,4,33.33,64,63,52.07,445,73.92,84,64.12,29,25,3,3,3,3,12,0,0,39,0,ST,9,0,8,2.59,7.33,25,12.28,7,10,57,183,157,17,15,25,2250,8,3,0,0,0,F,Right,7.2,0,0,0,18,21,80.77,3,13,206,43.74,120,602,57,36,2,F
55,2045857,Naoki Yoshioka,Albirex Niigata Singapore,0,0,105,35,61.4,621,90.52,2,20,0,11,0,1,1,7,1,0,0,6,0,DM,15,0,7,1.23,0.55,7,0,0,0,17,0,65,22,15,11,990,0,0,0,0,0,M,0,7.01,0,0,0,0,2,66.67,0,4,18,20.22,57,686,2,3,1,M
56,851800,Mohamed Iqbal bin Hamid Hussain,Geylang International,10,30.3,35,35,62.5,375,80.99,11,34.38,32,25,2,1,0,0,3,0,0,2,0,"LW, ST",13,0,4,2.27,1.65,14,10,2,4,33,186,88,5,15,14,1479,8,3,0,0,0,M,Left,6.84,0,0,0,5,57,82.61,1,33,114,42.07,56,463,20,19,1,F
57,340503,Farshad Noor,Brunei DPMM FC,13,20.97,84,43,47.25,698,76.96,46,42.59,30,25,2,1,0,11,9,0,0,28,0,"MC, AM",33,0,11,1.14,1.72,39,0,0,2,45,177,209,30,15,25,2238,6,1,0,0,0,M,Right,6.8,1,0,0,8,45,77.59,6,62,177,37.5,91,907,26,25,9,M
58,1024156,Akram Azman,Lion City Sailors,14,43.75,43,24,46.15,390,77.53,27,65.85,24,21,2,1,3,5,1,0,1,52,0,ML,58,0,15,1.14,2.85,21,20,2,4,47,0,113,28,15,15,1530,0,0,0,0,0,D,Right,6.62,0,0,0,5,21,80.77,13,32,94,36.86,52,503,10,9,4,D
59,831637,Hafiz Nor,Lion City Sailors,15,41.67,33,16,41.03,269,81.52,5,50,36,27,2,1,0,2,3,0,0,19,0,DR,26,0,6,1.96,0.95,6,0,0,2,17,166,61,10,14,6,994,1,0,0,0,0,D,Right,6.68,0,0,0,2,19,67.86,8,36,68,43.04,39,330,10,15,1,D
60,851812,Zulfahmi Arifin,Hougang United,3,42.86,76,41,56.94,416,85.07,3,42.86,33,10,0,0,0,3,4,0,0,6,0,"MC, DM",20,0,7,1.55,0.3,16,11.11,1,1,19,176,73,14,13,10,900,1,0,0,0,0,M,Right,6.87,1,0,0,2,3,75,4,7,40,30.53,72,489,9,8,3,M
61,851796,Gabriel Quak,Hougang United,12,33.33,16,6,60,162,75,1,50,34,23,1,0,0,0,11,0,0,1,0,RW,3,0,1,1.96,2.78,3,6.45,2,3,9,175,54,1,13,6,710,4,0,0,0,0,M,Right,6.82,0,0,0,11,37,75.51,0,36,47,43.12,10,216,31,1,0,F
62,926670,Arshad Shamim,Albirex Niigata Singapore,14,33.33,29,12,42.86,385,79.71,4,40,25,29,3,1,1,3,3,0,0,13,0,RW,21,0,7,1.49,0.91,19,0,0,3,35,170,98,16,13,9,1264,3,0,0,0,0,M,Right,6.61,0,0,0,1,38,80.85,9,42,86,38.39,28,483,7,16,6,F
63,926669,Faizal Roslan,Tanjong Pagar United,5,16.67,113,96,51.06,763,76.68,43,58.9,30,27,0,1,0,18,10,0,2,70,0,"DC, DR, DL",77,0,30,1.14,3.17,21,10,3,3,76,181,232,70,12,26,2430,0,0,1,100,1,D,Right,6.66,2,0,0,7,20,86.96,22,30,140,39.44,188,995,30,15,8,D
64,1024161,Rezza Rezky Ramadhani Yacobjan,Tanjong Pagar United,3,33.33,45,13,46.43,476,84.25,5,14.71,24,24,1,1,2,3,3,0,0,20,0,RW,16,0,13,0.76,2.27,13,5.88,1,2,62,172,89,18,12,21,1892,1,3,0,0,0,M,0,6.52,1,0,0,5,11,64.71,14,9,84,30.32,28,565,17,18,2,F
65,851804,Nazrul Nazari,Hougang United,10,27.03,74,41,47.13,626,78.64,15,51.72,34,24,5,1,3,11,2,0,4,28,0,DR,93,0,21,1.36,1.87,33,0,0,5,48,165,170,56,12,23,2160,1,0,0,0,0,D,Right,6.52,0,0,0,3,23,58.97,4,37,118,30.57,87,796,15,19,4,D
66,1090451,Andrew Aw,Young Lions,11,29.73,17,12,50,295,76.03,12,42.86,22,27,1,1,0,2,1,0,0,29,0,DR,38,0,15,1.15,0.88,7,14.29,1,2,37,165,93,16,12,13,1414,4,1,0,0,0,M,0,6.42,0,0,0,4,14,51.85,7,37,67,25.57,24,388,7,13,4,D
67,922336,Ryhan Stewart,Albirex Niigata Singapore,22,39.29,49,17,60.71,298,79.89,2,40,25,10,0,0,0,3,2,0,1,15,0,DR,24,0,2,1.23,0.37,9,8.33,1,1,19,180,75,19,11,10,900,0,1,0,0,0,D,Right,7.16,0,0,0,5,20,71.43,1,56,87,43.07,28,373,12,22,3,D
68,1859055,Sergio Carmona,Lion City Sailors,15,34.09,23,10,32.26,335,77.55,4,40,20,12,4,2,0,1,1,0,3,21,0,DL,24,0,6,1.43,0.68,4,40,2,6,13,184,97,14,11,10,913,0,0,0,0,0,D,Left,7.03,0,0,0,2,11,57.89,2,44,38,29.69,31,432,5,0,2,D
69,868759,Madhu Mohana,Balestier Khalsa,5,38.46,120,59,54.13,1042,88.38,62,50.41,34,27,2,0,3,18,1,0,2,74,0,"DC, DR",53,0,21,1.5,2.74,27,18.75,3,5,70,183,137,48,11,27,2430,1,0,0,0,0,D,Right,6.67,1,0,0,5,1,33.33,4,13,118,38.06,109,1179,16,5,4,D
70,242327,Toni Datković,Lion City Sailors,8,36.36,191,89,54.27,1351,89.83,46,55.42,31,27,2,1,0,11,4,0,8,53,0,"DC, DL",34,0,12,2.02,1.6,25,23.53,4,6,25,190,153,45,10,27,2430,1,1,0,0,0,D,Left,7.1,0,0,0,6,11,78.57,6,22,133,46.34,164,1504,17,13,4,D
71,1024219,Daniel Goh,Albirex Niigata Singapore,12,24.49,9,5,50,240,75,6,30,25,24,1,1,1,1,4,0,0,2,0,RW,16,0,6,1.4,4.85,14,14.71,5,6,28,169,80,12,10,13,1350,5,0,1,0,0,M,Right,6.93,0,0,0,19,48,77.42,2,49,78,41.71,10,320,34,13,4,F
72,835102,Saifullah Akbar,Geylang International,5,33.33,59,25,64.1,491,86.44,1,7.14,26,26,1,1,0,0,5,0,0,11,0,MC,17,0,6,0.99,0.66,14,0,0,1,20,165,77,11,10,11,1187,0,2,0,0,0,M,Right,6.67,0,0,0,4,18,75,5,15,59,31.38,39,568,15,11,3,M
73,1024194,Najib Tarif,Brunei DPMM FC,14,35.9,85,81,50.63,663,76.65,20,40.82,37,32,0,0,0,18,2,0,2,56,0,DL,110,0,18,0.65,0.43,6,0,0,0,49,170,202,38,10,29,2688,0,0,0,0,0,D,Left,6.47,0,0,0,1,13,72.22,11,39,78,27.18,160,865,3,11,1,D
74,1875495,Shingo Nakano,Albirex Niigata Singapore,4,33.33,15,8,53.33,247,75.3,53,36.05,20,29,1,0,12,3,9,0,0,16,0,ST,12,0,6,1.34,21.17,35,26.09,24,25,63,180,81,19,9,29,2610,8,1,3,66.67,2,F,Right,7.34,0,0,0,47,33,70.21,0,12,179,33.71,15,328,92,33,3,F
75,24344,Yojiro Takahagi,Albirex Niigata Singapore,5,41.67,81,49,51.04,440,82.09,6,42.86,38,13,2,0,0,3,1,0,0,13,0,"MC, AM",24,0,6,1.28,0.37,9,0,0,2,16,183,96,30,9,11,1077,0,2,0,0,0,M,Right,7.18,0,0,0,2,8,88.89,4,12,58,36.02,96,536,8,11,3,M
76,851810,Taufik Suparno,Tampines Rovers,7,25,12,4,66.67,159,76.81,22,52.38,29,27,3,2,0,2,4,0,0,11,0,"RW, LW, ST",12,0,3,1.64,3.41,23,21.43,6,9,7,165,48,9,9,3,817,7,0,0,0,0,M,Right,6.96,1,0,0,17,38,69.09,2,28,98,41.88,6,207,28,15,5,F
77,1090456,Danish Qayyum,Young Lions,13,46.43,10,8,36.36,212,75.99,6,40,23,21,1,3,1,1,7,0,0,13,0,LW,22,0,4,1.02,2.05,4,16.67,3,4,29,180,67,8,9,15,1131,0,0,0,0,0,M,Right,6.76,0,0,0,9,30,75,6,28,82,39.05,22,279,18,18,2,F
78,161363,Hariss Harun,Lion City Sailors,1,25,127,47,60.26,1040,92.53,8,34.78,34,28,1,0,0,4,1,0,2,23,0,"DC, MC, DM",34,0,6,0.73,0.29,28,0,0,1,23,178,84,28,9,18,1818,0,2,0,0,0,M,Right,6.74,0,0,0,0,7,87.5,1,4,68,34.34,78,1124,5,10,4,D
79,1024165,Abdul Rasaq,Lion City Sailors,3,37.5,2,1,50,113,81.88,4,18.18,24,19,2,1,2,0,2,0,0,0,0,ST,3,0,0,1.06,3.34,4,14.29,2,4,5,0,25,4,9,6,701,2,0,1,100,1,F,Right,6.69,0,0,0,8,15,83.33,0,8,35,28.93,2,138,14,1,1,F
80,832569,Halim Hazzuwan,Hougang United,4,28.57,10,7,41.18,178,76.07,6,21.43,31,25,1,0,3,0,2,0,0,3,0,RW,18,0,6,0.59,4.53,14,12.5,2,3,40,169,56,6,9,18,1452,9,0,1,0,0,M,Right,6.49,0,0,0,6,14,70,1,14,49,28,17,234,16,16,3,F
81,1202051,Fairuz Fazli,Young Lions,9,39.13,24,11,47.83,273,80.29,3,30,20,13,2,1,0,0,0,0,0,14,0,DR,42,0,6,1.48,0.21,11,25,1,3,26,172,67,9,9,11,928,0,0,0,0,0,D,Right,6.49,0,0,0,3,11,78.57,1,23,52,33.77,23,340,4,9,1,D
82,814284,Julio Cruz,Brunei DPMM FC,1,33.33,11,7,50,106,72.6,33,34.74,29,14,4,1,3,2,4,0,0,12,0,ST,3,0,10,1.06,6.12,16,20,6,10,29,181,40,4,8,14,1260,9,0,2,100,2,F,0,7.14,0,0,0,16,16,80,3,3,91,33.46,14,146,30,23,2,F
83,860934,Hami Syahin,Lion City Sailors,4,40,141,39,60,859,90.42,15,50,26,27,0,3,0,7,4,0,0,16,0,"MC, DM",35,0,10,1.1,0.74,34,0,0,0,21,166,91,38,8,23,2039,1,3,0,0,0,M,Right,6.9,0,0,0,2,15,71.43,14,10,123,40.46,65,950,15,14,6,M
84,1652073,Nazirrudin Bin Haji Ismail,Brunei DPMM FC,9,27.27,14,10,50,177,72.54,19,33.33,26,26,1,1,0,0,3,0,0,22,0,LW,29,0,3,0.7,2.11,19,20,4,5,17,168,67,19,8,10,1209,2,0,0,0,0,M,0,6.74,1,0,0,8,20,48.78,8,33,80,31.01,20,244,20,12,3,F
85,1024180,Syahadat Masnawi,Tanjong Pagar United,7,30.43,14,8,44.44,174,67.97,19,38,23,29,0,0,0,1,12,0,0,16,0,ST,13,0,1,0.68,3.43,28,7.5,3,3,45,175,82,10,8,16,1498,7,0,0,0,0,F,Right,6.7,0,0,0,15,23,82.14,6,23,98,33.68,18,256,40,19,1,F
86,922337,Irfan Najeeb,Tampines Rovers,4,28.57,124,29,63.04,830,90.51,33,50.77,25,26,2,1,0,5,2,0,3,40,0,"DR, DC",36,0,8,0.66,2.05,17,30.77,4,6,16,178,87,22,7,21,1888,0,3,0,0,0,D,Right,6.96,0,0,0,6,8,61.54,25,14,109,37.2,46,917,13,15,2,D
87,1388348,Obren Kljajić,Lion City Sailors,6,46.15,13,5,55.56,203,82.19,12,41.38,21,12,2,0,1,2,5,0,1,14,0,ST,21,0,1,0.74,2.9,6,7.69,1,3,7,187,44,6,7,10,873,0,0,0,0,0,D,Left,6.84,0,0,0,2,14,70,2,13,59,37.82,9,247,13,4,1,F
88,980894,Joshua Bernard Pereira,Geylang International,6,46.15,175,51,51,1388,89.15,39,51.32,27,27,0,0,0,9,0,0,2,61,0,"DC, MC",82,0,17,0.58,0.42,20,16.67,1,1,49,178,169,70,7,26,2430,0,2,0,0,0,D,Right,6.82,0,0,0,2,16,80,19,13,142,40.69,100,1557,6,21,5,D
90,882678,Ho Wai Loon,Albirex Niigata Singapore,11,47.83,33,15,45.45,236,78.93,2,22.22,31,14,1,0,0,2,2,0,0,3,0,MC,18,0,3,0.71,0.14,10,0,0,1,22,169,63,14,7,10,828,1,1,0,0,0,M,Right,6.55,0,0,0,1,7,58.33,7,23,32,29.91,33,299,4,7,5,M
91,980715,Akmal Azman,Geylang International,6,21.43,62,15,40.54,539,83.96,18,48.65,24,26,0,0,0,4,1,0,0,27,0,"MC, DM, DL",51,0,6,0.23,0.12,12,0,0,0,28,173,103,35,7,14,1303,0,2,0,0,0,D,Right,6.54,0,0,0,1,5,83.33,6,28,56,29.47,37,642,2,7,4,M
92,1184545,Jared Gallagher,Balestier Khalsa,9,39.13,118,33,63.46,918,90.09,19,59.38,23,27,2,0,0,5,4,0,1,34,0,"MC, DM",67,0,17,1.1,0.35,42,0,0,2,43,175,101,29,7,20,1926,0,2,0,0,0,D,Right,6.51,0,0,0,0,4,57.14,22,23,102,33.22,52,1019,9,12,3,M
93,1652039,Raoul  Suhaimi,Young Lions,10,24.39,41,15,34.09,393,75.72,19,57.58,19,17,0,2,0,4,1,0,1,22,0,DL,36,0,16,1.17,0.66,10,0,0,0,38,179,126,23,7,13,1340,0,2,0,0,0,D,0,6.46,1,0,0,4,20,68.97,6,41,99,40.74,44,519,11,21,3,D
94,1108290,Shuya Yamashita,Tampines Rovers,0,0,154,73,54.89,2071,93.88,80,65.57,26,30,0,0,2,19,7,0,12,56,0,DC,49,0,19,0.5,2.95,23,3.57,1,1,34,180,135,45,6,30,2700,2,2,0,0,0,D,Right,7.05,0,0,0,9,1,100,9,1,135,45.92,133,2206,28,11,3,D
95,1049165,Stevia Egbus Mikuni,Albirex Niigata Singapore,2,33.33,195,189,62.79,1687,89.35,76,64.96,27,31,1,0,1,24,4,0,6,91,0,DC,44,0,31,0.74,1.87,21,3.85,1,2,70,182,201,57,6,31,2790,1,1,0,0,0,D,Right,6.89,1,0,0,7,8,66.67,5,6,157,46.18,301,1888,26,13,4,D
97,1186220,Syed Firdaus Hassan,Albirex Niigata Singapore,12,48,96,47,51.09,884,88.31,20,50,27,29,1,1,2,14,8,0,1,32,0,MC,58,0,17,0.85,1.4,33,0,0,1,59,173,117,36,6,26,2578,0,0,0,0,0,M,Right,6.61,0,0,0,5,22,73.33,12,25,123,34.94,92,1001,23,31,7,M
98,1983591,Thorsten Takashi Cross,Tanjong Pagar United,8,33.33,0,0,0,67,60.36,2,40,0,10,0,0,0,0,0,0,0,4,0,0,16,0,2,0.63,0.43,1,0,0,0,15,0,44,4,6,4,512,1,1,0,0,0,M,0,6.51,0,0,0,3,12,80,0,24,30,36.14,6,111,5,2,0,M
99,1117361,Junki Kenn Yoshimura,Albirex Niigata Singapore,12,57.14,69,34,68,743,88.35,10,37.04,20,28,1,1,0,7,0,0,4,38,0,RW,95,0,12,0.56,0.09,20,50,1,2,54,175,98,51,6,26,2520,0,1,0,0,0,D,Right,6.42,0,0,0,2,12,60,1,21,106,27.46,50,841,2,20,0,F
100,1186773,Azim Akbar,Tanjong Pagar United,7,50,32,12,33.33,354,78.32,7,31.82,23,22,0,0,0,5,3,0,0,15,0,MC,49,0,13,0.41,0.13,10,0,0,0,38,178,98,22,6,17,1377,0,0,0,0,0,D,Right,6.21,0,0,0,1,7,58.33,2,14,75,28.96,36,452,6,10,3,M
101,116049,Dāvis Ikaunieks,Brunei DPMM FC,1,5.88,20,10,50,226,71.29,13,26.53,31,14,0,1,3,1,7,0,0,4,0,ST,3,0,2,0.62,8.9,4,30.43,14,14,23,185,91,1,5,14,1260,4,1,4,100,4,F,Both,7.57,0,0,0,22,10,66.67,1,17,47,36.43,20,317,46,7,1,F
102,1652075,Amir Syafiz,Young Lions,8,28.57,27,9,42.86,261,72.5,8,29.63,20,26,1,1,1,3,8,0,0,3,0,ST,16,0,6,0.87,4.78,10,16.22,6,7,47,168,99,12,5,15,1556,7,0,0,0,0,F,0,6.72,1,0,0,16,13,52,6,28,74,32.74,21,360,37,24,2,F
103,1126384,Ethan Pinto,Young Lions,1,20,10,4,36.36,177,81.19,2,33.33,20,15,2,0,0,0,0,0,0,9,0,ML,11,0,4,0.27,1.92,7,6.67,1,3,24,166,41,8,5,10,977,3,1,0,0,0,M,0,6.67,0,0,0,7,20,52.63,7,5,53,31.74,11,218,15,19,2,M
104,1862857,Stefan Paunović,Tanjong Pagar United,0,0,45,18,50,315,81.82,6,27.27,23,13,0,0,0,5,4,0,0,15,0,MC,16,0,4,0.41,0.67,10,5.88,1,1,41,181,70,17,5,12,1088,1,1,0,0,0,M,Right,6.65,0,0,0,5,6,54.55,11,5,45,31.91,36,385,17,6,3,M
105,1024152,Khairin Nadim,Young Lions,6,30,15,9,42.86,181,72.69,0,0,21,16,1,2,1,2,3,0,0,6,0,ST,15,0,7,1.42,1.08,13,11.11,1,2,29,171,68,6,5,9,952,4,1,0,0,0,M,0,6.56,0,0,0,2,24,63.16,5,20,61,32.11,21,249,9,4,2,F
106,809851,Ahmad Syahir,Geylang International,8,42.11,15,7,70,139,79.89,3,33.33,33,20,2,0,0,1,0,0,0,18,0,DL,21,0,4,0.46,0,5,0,0,2,17,155,35,10,5,2,549,0,1,0,0,0,D,Right,6.54,0,0,0,0,10,66.67,6,19,34,32.38,10,174,0,6,2,D
107,1014766,Fathullah Rahmat,Tanjong Pagar United,4,100,43,20,62.5,373,85.94,3,42.86,22,22,0,0,0,0,1,0,0,14,0,"MC, DM",32,0,8,0.59,0.1,18,14.29,1,1,35,171,61,18,5,14,1239,0,0,0,0,0,M,Right,6.54,0,0,0,3,7,70,3,4,46,29.68,32,434,7,5,4,M
108,1652070,Ajay Robson Muralithran,Hougang United,3,37.5,29,11,68.75,269,87.34,2,33.33,21,16,1,0,0,1,0,0,0,4,0,MC,25,0,5,0.4,0.31,12,0,0,1,29,175,39,8,5,8,943,1,1,0,0,0,M,Right,6.47,0,0,0,2,9,64.29,1,8,52,39.1,16,308,3,8,3,M
109,73624,Damir Muminović,Brunei DPMM FC,1,50,41,58,44.96,429,80.79,18,50,35,14,1,1,0,23,1,0,3,82,0,DC,27,0,17,0.66,0.47,12,0,0,1,23,186,102,50,4,14,1260,0,0,0,0,0,D,Right,7.14,0,0,0,1,4,100,5,2,45,37.82,129,531,4,3,0,D
110,845751,Rui Pires,Lion City Sailors,1,100,139,33,60,740,92.04,7,63.64,27,15,0,0,0,4,2,0,0,7,0,"MC, DM",22,0,9,0.24,0.06,14,0,0,0,10,182,64,23,4,13,1203,0,3,0,0,0,M,Right,6.93,0,0,0,0,1,100,9,1,47,40.52,55,804,3,8,3,M
111,1186196,Keito Hariya,Geylang International,0,0,163,82,54.3,1679,91.45,61,62.24,22,30,1,0,0,31,1,0,5,64,0,DC,53,0,29,0.44,0.99,16,11.11,1,2,56,178,157,81,4,30,2700,1,2,0,0,0,D,Left,6.91,1,0,0,2,8,100,1,1,136,44.44,151,1836,9,14,1,D
112,1471026,Koki Kawachi,Albirex Niigata Singapore,1,50,166,124,55.36,1464,89.76,60,61.86,25,30,1,0,1,28,0,0,6,57,0,DC,55,0,21,0.14,1.57,19,8.33,2,3,63,180,167,55,4,30,2700,0,1,0,0,0,D,Right,6.85,0,0,0,5,2,100,5,2,134,44.82,224,1631,12,9,2,D
113,1087758,Lionel Tan,Lion City Sailors,0,0,170,48,51.61,1063,91.4,18,45,28,25,0,0,0,9,2,0,6,40,0,"DC, DR",44,0,9,0.32,0.42,25,16.67,1,1,14,183,100,31,4,21,2031,2,0,0,0,0,D,Right,6.79,0,0,0,1,4,57.14,0,4,60,30.61,93,1163,6,2,5,D
114,980981,Azwan Saleh,Brunei DPMM FC,1,25,27,18,50,188,81.74,5,41.67,37,16,0,0,0,3,0,0,0,9,0,"AM, MC",7,0,2,0.18,0.1,3,50,1,1,19,168,42,6,4,4,648,0,0,0,0,0,M,Left,6.56,0,0,0,2,2,50,0,4,21,33.87,36,230,2,3,0,M
115,1534438,Abdul Hariz,Brunei DPMM FC,1,25,27,14,45.16,298,84.66,4,26.67,24,22,0,0,0,7,0,0,0,10,0,AM,35,0,15,0.2,0.34,16,0,0,0,17,0,54,19,4,14,1172,0,2,0,0,0,M,Right,6.52,0,0,0,0,12,66.67,2,4,53,29.94,31,352,7,10,3,M
116,1473122,Fudhil Iyadh,Balestier Khalsa,10,40,50,14,60.87,419,84.82,6,33.33,23,24,0,0,0,6,1,0,0,22,0,DR,56,0,8,0.45,0.3,16,0,0,0,25,165,75,18,4,13,1205,1,1,0,0,0,D,Right,6.43,1,0,0,2,10,62.5,6,25,53,27.46,23,494,4,16,3,D
117,981501,Jordan Vestering,Hougang United,11,37.93,55,25,36.76,561,77.81,20,58.82,24,24,0,0,1,14,1,0,1,41,0,DL,72,0,14,0.49,0.93,25,11.11,1,1,55,177,160,43,4,23,2160,0,1,0,0,0,D,Right,6.4,0,0,0,2,4,57.14,5,29,88,30.14,68,721,9,17,6,D
118,1897214,Nazry Aiman,Brunei DPMM FC,4,25,19,16,42.11,256,74.42,7,21.21,20,22,0,0,1,6,2,0,1,41,0,DR,85,0,15,0.21,0.48,20,0,0,0,26,179,88,24,4,11,1490,1,0,0,0,0,D,0,6.29,0,0,0,1,8,66.67,0,16,57,24.26,38,344,4,7,3,D
120,1024204,Rio Sakuma,Geylang International,1,50,114,123,63.73,1312,90.42,35,44.3,28,25,1,0,0,18,2,0,2,52,0,DC,40,0,15,0.23,1.44,13,21.43,3,4,50,179,139,51,3,25,2250,1,0,0,0,0,D,Right,6.88,0,0,0,6,3,60,4,2,105,47.3,193,1451,14,6,5,D
121,873220,Jun Kobayashi,Young Lions,2,66.67,85,110,53.14,1127,85.9,56,63.64,26,30,0,0,1,38,1,0,1,130,0,DC,52,0,36,0.63,2.03,10,18.75,3,3,82,187,185,74,3,29,2700,1,2,0,0,0,D,Right,6.84,1,0,0,5,6,75,4,3,125,45.29,207,1312,16,4,0,D
122,1000456,Zikos Chua,Geylang International,0,0,4,1,20,76,69.72,8,29.63,23,20,0,0,0,1,2,0,0,1,0,ST,0,0,3,0.16,2.17,6,23.53,4,4,10,184,33,2,3,2,562,2,0,0,0,0,F,Right,6.77,0,0,0,7,13,68.42,0,5,41,36.94,5,109,17,9,0,F
124,1474653,Jonan Tan,Young Lions,2,40,15,4,57.14,94,75.2,1,25,18,10,1,1,0,0,1,0,0,2,0,0,12,0,3,0.8,0.56,6,0,0,1,10,0,31,9,3,5,459,2,0,0,0,0,F,Left,6.66,0,0,0,1,13,72.22,0,5,39,32.5,7,125,6,6,0,F
127,1860057,Nur Ikhwan Othman,Brunei DPMM FC,0,0,66,70,52.24,792,86.27,24,32.43,32,31,0,0,0,19,1,0,1,60,0,DC,49,0,16,0.11,0.58,23,14.29,1,1,50,173,126,44,3,27,2471,0,0,0,0,0,D,Right,6.61,0,0,0,4,8,72.73,5,1,85,34.98,134,918,7,8,4,D
128,851807,Amirul Adli Bin Azmi,Tampines Rovers,5,35.71,117,36,57.14,985,90.87,22,55,29,29,0,0,0,2,0,0,1,33,0,"DC, DL",57,0,9,0.44,0.35,20,20,1,1,28,181,99,23,3,21,2035,0,0,0,0,0,D,Right,6.6,0,0,0,3,10,90.91,10,14,71,34.8,63,1084,5,4,4,D
129,959852,Huzaifah Aziz,Geylang International,0,0,44,12,52.17,353,88.47,4,36.36,30,12,1,0,0,2,1,0,0,7,0,"MC, DM",16,0,4,0.07,0.13,14,0,0,1,18,177,46,8,3,12,876,1,2,0,0,0,M,Right,6.58,0,0,0,0,7,77.78,3,4,40,33.06,23,399,3,16,2,M
130,1480032,Danish Irfan Azman,Hougang United,3,42.86,26,14,42.42,327,81.75,12,48,26,18,1,1,0,3,0,0,2,14,0,DC,46,0,6,0.53,0.65,12,0,0,1,24,179,73,20,3,11,1082,0,0,0,0,0,D,Left,6.37,0,0,0,3,2,50,1,7,50,27.03,33,400,7,4,3,D
131,1024153,Syed Akmal,Tanjong Pagar United,5,62.5,81,88,47.57,754,82.95,29,59.18,25,30,0,0,1,19,0,0,1,73,0,DC,62,0,21,0.01,0.71,18,0,0,0,83,0,155,56,3,27,2563,2,0,0,0,0,D,0,6.28,2,0,0,2,0,0,8,8,80,35.87,185,909,4,7,4,D
133,1023999,Ensar Brunčević,Hougang United,0,0,27,32,43.24,870,89.23,85,72.03,26,19,0,0,1,20,1,0,2,67,0,DC,35,0,17,0.31,1.31,14,11.11,1,1,49,196,105,86,2,19,1710,1,0,0,0,0,D,Right,7,0,0,0,2,2,66.67,5,0,147,51.22,74,975,9,10,4,D
134,1088983,Jordan Emaviwe,Balestier Khalsa,1,14.29,92,31,59.62,712,88.67,46,69.7,24,18,0,0,1,4,5,0,1,49,0,DC,32,0,11,0.05,3.59,15,20,4,4,43,195,91,30,2,17,1620,0,1,0,0,0,D,Left,6.74,0,0,0,8,8,88.89,10,7,116,44.44,52,803,20,11,3,D
137,882681,Raihan Rahman,Tanjong Pagar United,2,33.33,32,19,38,349,82.9,4,66.67,34,12,1,0,0,6,0,0,0,13,0,"DC, DM, MC",15,0,8,0.1,0.18,12,0,0,1,20,173,72,16,2,9,979,1,0,0,0,0,M,Right,6.6,1,0,0,1,2,50,5,6,32,39.02,50,421,3,12,3,D
139,851797,Anumanthan Kumar,Lion City Sailors,0,0,56,26,66.67,421,90.93,4,40,30,21,0,0,0,2,0,0,0,5,0,"MC, DM",10,0,7,0.21,0.18,14,0,0,0,12,178,42,14,2,7,952,0,0,0,0,0,M,Right,6.58,1,0,0,1,2,66.67,4,1,32,30.48,39,463,5,4,1,M
142,1891165,Ismail Salihovic,Hougang United,0,0,62,42,61.76,428,82.31,11,28.21,21,20,0,0,1,3,5,0,0,29,0,MC,39,0,12,0,1.12,24,0,0,0,25,0,92,25,2,14,1332,0,0,0,0,0,M,0,6.55,1,0,0,3,16,66.67,17,5,87,33.85,68,520,15,12,7,M
144,1024189,Yura Indera Putera,Brunei DPMM FC,6,50,67,75,49.34,526,77.35,16,39.02,29,25,0,0,0,12,1,0,2,66,0,"DC, DR",67,0,21,0.1,0.85,21,16.67,1,1,48,183,154,66,2,24,2241,0,0,0,0,0,D,Right,6.48,0,0,0,3,5,55.56,1,12,87,32.83,152,680,6,2,6,D
145,1494208,Abdul Sisa,Brunei DPMM FC,1,16.67,11,8,44.44,80,72.07,5,26.32,34,15,0,0,0,2,0,0,0,12,0,DL,18,0,3,0.13,0.09,4,0,0,0,9,180,31,7,2,2,482,1,1,0,0,0,D,Left,6.43,0,0,0,0,1,20,4,6,18,24,18,111,2,2,2,D
146,796346,Timur Talipov,Tanjong Pagar United,2,66.67,79,102,54.55,531,79.25,18,46.15,30,22,0,0,0,16,4,0,2,75,0,DC,43,0,26,0.3,0.84,10,12.5,1,1,53,179,139,46,2,21,1864,0,0,1,100,1,D,Right,6.39,2,0,0,1,14,82.35,2,3,65,38.46,187,670,8,3,0,D
148,1386479,Syafi Hilman,Young Lions,0,0,28,8,38.1,180,77.25,4,40,22,12,0,0,0,2,0,0,0,23,0,0,30,0,9,0.08,0.1,5,0,0,0,18,0,53,19,2,6,561,0,0,0,0,0,D,0,6.32,0,0,0,0,1,100,5,4,28,27.18,21,233,2,8,0,D
150,113955,Bailey Wright,Lion City Sailors,5,41.67,104,98,60.12,1515,91.05,77,62.6,32,28,0,0,0,16,4,0,9,58,0,DC,24,0,18,0.08,3.25,24,12.9,4,4,26,184,149,52,1,28,2520,2,2,0,0,0,D,Right,7.15,1,0,0,11,3,100,1,12,159,49.69,163,1664,31,9,2,D
152,822569,Dylan Fox,Tampines Rovers,0,0,81,30,66.67,801,94.91,36,69.23,31,12,0,0,0,7,2,0,4,34,0,DC,17,0,4,0.02,0.76,8,0,0,0,11,186,43,16,1,11,1080,2,1,0,0,0,D,Right,7.04,0,0,0,2,0,0,4,1,56,45.9,45,844,10,8,1,D
153,809842,Zaiful Nizam,Hougang United,0,0,35,189,67.02,637,86.2,15,88.24,37,31,0,0,0,0,0,4,4,6,2,GK,0,0,6,0.12,0,0,0,0,0,69,174,102,27,1,30,2790,0,1,0,0,0,G,Right,7.01,0,77,121,0,1,100,0,0,19,82.61,282,739,0,4,2,GK
154,937908,Hafiz Ahmad,Balestier Khalsa,0,0,26,112,49.12,654,82.47,13,72.22,26,31,0,0,0,0,0,5,5,22,5,GK,5,0,6,0.01,0,1,0,0,0,77,173,139,55,1,31,2790,0,1,0,0,0,G,Right,6.83,0,70,118,0,2,100,1,0,20,57.14,228,793,0,0,3,GK
157,1019426,Anders Aplin,Hougang United,0,0,29,17,51.52,258,86.29,6,46.15,33,7,0,0,0,10,1,0,1,30,0,"DC, DR",13,0,7,0.11,0.74,6,0,0,0,18,180,41,12,1,7,630,0,0,0,0,0,D,Right,6.64,0,0,0,0,0,0,3,0,20,32.26,33,299,5,0,2,D
161,1652040,Ryu Hardy bin Yussri,Young Lions,2,25,31,14,58.33,161,80.1,7,38.89,20,11,0,0,0,3,1,0,0,6,0,MC,15,0,2,0.14,0.23,13,0,0,0,15,0,40,7,1,5,549,0,0,0,0,0,M,0,6.57,0,0,0,4,3,50,5,8,38,34.55,24,201,10,10,3,M
165,1190527,Pathy Malumandsoko,Tanjong Pagar United,0,0,31,36,61.02,351,91.17,8,53.33,25,10,0,0,1,8,1,0,0,17,0,DC,16,0,13,0.05,0.82,3,0,0,0,29,185,34,27,1,10,900,0,0,0,0,0,D,Left,6.52,0,0,0,0,2,66.67,5,0,51,46.79,59,385,2,2,0,D
166,1857263,Faris Hasić,Hougang United,0,0,63,47,44.34,698,84.71,30,54.55,22,17,1,1,0,14,0,0,2,33,0,DC,42,0,8,0.35,0.43,23,0,0,1,42,189,126,30,1,17,1530,1,0,0,0,0,D,Left,6.52,0,0,0,0,4,66.67,4,2,99,39.76,106,824,3,6,3,D
171,1568071,Muhammad Hanif Farhan Azman,Brunei DPMM FC,0,0,20,9,64.29,147,83.05,4,23.53,24,21,0,0,0,1,0,0,0,11,0,"MC, DM",21,0,3,0.01,0.15,7,0,0,0,13,0,30,7,1,2,693,0,0,0,0,0,M,0,6.47,1,0,0,1,6,85.71,2,4,35,35.71,14,177,3,2,2,M
172,983853,Hanif Hamir,Brunei DPMM FC,1,100,9,13,35.14,250,83.06,22,50,28,18,0,0,0,10,0,0,0,24,0,DC,21,0,15,0.17,0.14,6,0,0,0,20,184,51,23,1,7,961,0,0,0,0,0,D,Right,6.46,0,0,0,0,0,0,7,1,50,43.1,37,301,2,4,1,D
175,1117809,Nazhiim Harman,Hougang United,1,50,44,15,46.88,411,87.08,12,40,26,18,0,0,0,4,1,0,1,26,0,"DC, DL",40,0,10,0.23,0.69,14,33.33,1,1,29,176,61,25,1,12,1216,0,0,0,0,0,D,Right,6.42,0,0,0,1,1,25,7,2,45,30,32,472,3,3,4,D
179,1534556,Syafiq Safiuddin Shariff,Brunei DPMM FC,3,20,29,11,34.38,291,80.39,13,38.24,22,23,0,0,1,7,0,0,0,59,0,DR,87,0,19,0.03,0.33,19,0,0,0,32,0,71,24,1,16,1354,0,0,0,0,0,D,0,6.23,0,0,0,0,8,53.33,6,15,57,23.27,32,362,2,3,3,D
180,825236,Shahrin Saberin,Tanjong Pagar United,0,0,13,14,46.67,114,74.03,4,57.14,30,9,0,0,0,3,0,0,0,7,0,"DC, DR",11,0,5,0.05,0,5,0,0,0,24,179,40,8,1,6,533,0,0,0,0,0,D,Right,6.16,0,0,0,0,3,100,3,0,18,40,30,154,0,5,5,D
185,984493,Matthew Silva,Tanjong Pagar United,0,0,6,31,50,110,75.86,6,100,34,9,0,0,0,0,0,1,2,8,0,GK,1,0,5,0,0,0,0,0,0,16,185,35,20,0,9,810,0,0,0,0,0,G,Right,7.26,0,26,39,0,0,0,0,0,9,75,62,145,0,2,1,GK
186,983851,Haimie Nyaring,Brunei DPMM FC,0,0,9,36,59.02,113,79.58,5,100,27,8,0,0,0,0,0,0,0,2,0,GK,3,0,2,0,0,0,0,0,0,15,173,29,6,0,8,720,0,0,0,0,0,G,Right,7.19,0,21,36,0,0,0,1,0,7,63.64,61,142,0,4,1,GK
187,60030,Kristijan Naumovski,Brunei DPMM FC,0,0,23,72,55.38,241,79.8,14,93.33,36,24,0,0,0,0,0,3,4,8,1,GK,3,0,5,0,0,0,0,0,0,46,190,61,20,0,24,2160,0,0,0,0,0,G,Right,7.15,1,73,115,0,0,0,0,0,15,71.43,130,302,0,7,2,GK
189,994797,Zharfan Rohaizad,Lion City Sailors,0,0,5,23,56.1,98,78.4,4,100,28,9,0,0,0,0,0,3,3,7,0,GK,0,0,1,0,0,0,0,0,0,11,180,27,19,0,9,810,0,0,0,0,0,G,Right,7.07,0,16,26,0,0,0,0,0,5,100,41,125,0,2,0,GK
190,830101,Izwan Mahbud,Lion City Sailors,0,0,35,82,64.06,388,87.78,4,80,34,22,0,0,0,0,0,9,9,9,1,GK,0,0,4,0,0,1,0,0,0,20,180,54,24,0,22,1980,0,0,0,0,0,G,Right,7.02,0,34,58,0,1,100,0,0,7,77.78,128,442,0,2,1,GK
191,1210185,Prathip Ekamparam,Tanjong Pagar United,0,0,0,15,48.39,140,85.89,8,100,23,10,0,0,0,0,0,0,1,8,0,GK,4,0,3,0,0,0,0,0,0,26,187,23,21,0,9,874,0,0,0,0,0,G,Right,6.92,0,24,43,0,0,0,0,0,11,73.33,31,163,0,2,0,GK
192,922347,Syazwan Buhari,Tampines Rovers,0,0,6,111,69.81,779,93.41,10,100,32,31,0,0,0,0,0,11,11,14,0,GK,4,0,4,0,0,0,0,0,0,37,172,55,38,0,31,2790,0,1,0,0,0,G,Right,6.91,0,38,70,0,2,100,0,0,22,75.86,159,834,0,11,0,GK
197,1937643,Daniel Alemão,Hougang United,0,0,16,20,57.14,412,91.15,23,62.16,26,11,0,0,0,21,1,0,1,32,0,DC,21,0,14,0,1.06,13,20,2,2,22,193,40,26,0,11,990,0,0,0,0,0,D,Right,6.89,1,0,0,5,0,0,0,0,47,40.52,35,452,10,7,2,D
198,1024199,Aizil Yazid,Young Lions,0,0,7,61,55.45,279,82.3,14,87.5,20,19,0,0,0,0,0,1,1,7,2,GK,1,0,4,0,0,1,0,0,0,56,177,60,34,0,18,1710,0,1,0,0,0,G,Right,6.85,0,54,83,0,0,0,1,0,18,81.82,110,339,0,6,1,GK
201,831625,Abdil Qaiyyim,Balestier Khalsa,0,0,11,7,28,253,86.35,14,50,36,10,0,0,0,8,0,0,0,46,0,DC,12,0,7,0,0.7,3,0,0,0,13,182,40,19,0,8,633,0,1,0,0,0,D,Right,6.8,0,0,0,2,0,0,3,0,27,40.3,25,293,6,1,0,D
202,869766,Rudy Khairullah,Geylang International,0,0,5,46,58.23,303,88.6,11,91.67,30,20,0,0,0,0,0,4,4,9,1,GK,2,0,5,0,0,0,0,0,0,38,167,39,30,0,20,1800,0,0,0,0,0,G,Left,6.75,0,34,59,0,1,100,0,0,17,77.27,79,342,0,4,1,GK
203,789595,Hassan Sunny,Albirex Niigata Singapore,0,0,20,127,69.02,514,88.32,8,88.89,41,30,0,0,0,0,0,3,5,10,1,GK,3,0,6,0,0,2,0,0,0,66,185,68,40,0,30,2700,0,0,0,0,0,G,Left,6.74,1,59,98,0,2,66.67,1,0,15,71.43,184,582,0,6,2,GK
207,1012815,Ryaan Sanizal,Young Lions,0,0,34,25,58.14,437,87.75,20,55.56,23,15,0,0,0,12,0,0,1,35,0,DC,24,0,9,0,0.2,17,0,0,0,28,175,61,37,0,12,1173,0,0,0,0,0,D,0,6.67,0,0,0,1,2,50,10,0,77,49.68,43,498,3,12,3,D
208,1970296,Deng Garang Chan,Balestier Khalsa,0,0,45,13,50,502,92.62,30,63.83,19,10,0,0,0,8,0,0,0,25,0,DC,19,0,13,0,0,6,0,0,0,0,0,40,0,0,9,900,0,0,0,0,0,D,0,6.67,0,0,0,3,1,100,0,0,56,43.41,0,542,5,6,0,D
210,1120613,Kieran Teo,Young Lions,2,50,63,46,53.49,501,83.78,23,42.59,21,14,0,0,0,16,0,0,0,70,0,DC,34,0,17,0,0.51,12,33.33,1,1,33,0,97,38,0,13,1260,1,0,0,0,0,D,0,6.66,0,0,0,1,4,80,5,4,59,32.24,86,598,3,3,3,D
215,1087752,Bill Mamadou,Young Lions,0,0,15,25,54.35,390,91.76,2,28.57,23,13,0,0,0,7,0,0,1,22,0,DC,22,0,3,0,0.03,5,0,0,0,18,0,35,26,0,8,807,2,0,0,0,0,D,Right,6.59,0,0,0,1,7,100,2,1,28,37.84,46,425,1,1,3,D
216,1024176,Hairul Syirhan,Geylang International,0,0,3,29,63.04,142,87.12,3,100,29,12,0,0,0,0,0,1,1,6,0,GK,2,0,3,0,0,1,0,0,0,23,178,21,10,0,11,1080,0,0,0,0,0,G,Right,6.59,0,21,28,0,0,0,2,0,5,55.56,46,163,0,3,2,GK
231,1024169,Fashah Iskandar,Tanjong Pagar United,0,0,7,27,42.86,76,63.87,6,85.71,30,7,0,0,0,0,0,0,0,5,1,GK,1,0,3,0,0,1,0,0,0,27,187,43,16,0,6,630,0,0,0,0,0,G,Right,6.47,0,19,29,0,0,0,0,0,8,72.73,63,119,0,1,0,GK
242,1108492,Aqil Yazid,Young Lions,0,0,35,17,53.13,496,88.41,24,46.15,21,21,0,0,1,18,1,0,0,59,0,DC,61,0,21,0,0.89,12,0,0,0,43,175,65,32,0,19,1581,0,0,0,0,0,D,Right,6.37,0,0,0,0,3,50,9,6,60,27.91,32,561,3,6,0,D
259,1895578,Marcus Mosses,Tanjong Pagar United,0,0,20,7,28,140,77.78,4,30.77,20,10,0,0,0,7,0,0,0,18,0,DC,23,0,5,0,0.26,15,0,0,0,17,0,40,3,0,7,682,0,0,0,0,0,D,Left,6.08,0,0,0,0,1,33.33,2,0,21,23.86,25,180,1,1,3,D
261,1108491,Kimura Riki,Tanjong Pagar United,0,0,2,15,48.39,69,79.31,3,100,0,7,0,0,0,0,0,0,0,2,0,0,0,0,3,0,0,0,0,0,0,29,0,18,13,0,7,630,0,0,0,0,0,0,0,5.91,0,7,17,0,0,0,0,0,6,100,31,87,0,3,0,GK